{
  "name": "Alan's 6 GPU Mining Rig",
  "hashrates": {
    "bastion": 61270,
    "bitcore": 67590,
    "blake": 12991650,
    "blake2s": 20781450,
    "blakecoin": 23187900,
    "bmw": 9118320,
    "cryptonight": 0.07,
    "daggerhashimoto": 158400,
    "decred": 13762200,
    "deep": 201730,
    "ethash": 158400,
    "equihash": 2.8,
    "fresh": 85110,
    "fugue256": 580580,
    "groestl": 178620,
    "hmq1725": 22545.25,
    "hsr": 48482.44,
    "jackpot": 32401.6,
    "jha": 68470,
    "keccak": 2951980,
    "lbry": 1276850,
    "luffa": 9107930,
    "lyra2": 40537.11,
    "lyra2v2": 190420,
    "lyra2z": 9521.140000000001,
    "myr-gr": 375035.5,
    "neoscrypt": 4293.139999999999,
    "nist5": 216260,
    "pascal": 6300000,
    "penta": 32953.83,
    "phi": 96110,
    "polytimos": 40877.15,
    "qubit": 107310,
    "s3": 1065040,
    "sha256d": 3978600,
    "sha256t": 2118000,
    "sia": 5761900,
    "sib": 42480.43,
    "skein": 1844640,
    "skein2": 2553630,
    "skunk": 69990,
    "timetravel": 60190,
    "tribus": 91850,
    "vanilla": 5154760,
    "veltor": 90540,
    "whirlpool": 232310,
    "x11": 53265.03,
    "x11evo": 45329.34,
    "x13": 49025.630000000005,
    "x14": 44438.91,
    "x15": 46519.42,
    "x17": 46466.54,
    "zr5": 21045.39
  }
}